{
  "trainer" : "TrainerKB",
  "dim" : 256,
  "codeLen" : 16,
  "vEta" : 1.56250000000000000e-02,
  "mEta" : 1.56250000000000000e-02,
  "vEL" : 1.52587890625000000e-05,
  "mEL" : 9.53674316406250000e-07,
  "autoEL" : 3.81469726562500000e-6,
  "disableAutoencoder" : 0
}
