{
  "trainer" : "TrainerKB",
  "dim" : 256,
  "codeLen" : 16,
  "vEta" : 1.56250000000000000e-02,
  "mEta" : 1.56250000000000000e-02,
  "orthSkip" : 2.56000000000000000e+02,
  "orthRate" : 6.25000000000000000e-02,
  "orthEL" : 9.53674316406250000e-07,
  "autoFactor" : 6.40000000000000000e+01,
  "autoEta" : 2.50000000000000000e-01,
  "autoSkip" : 1.02400000000000000e+03,
  "jointMEta" : 1.56250000000000000e-02,
  "jointM_EL" : 2.38418579101562500e-07,
  "vEL" : 1.52587890625000000e-05,
  "mEL" : 9.53674316406250000e-07,
  "autoEL" : 1.52587890625000000e-05,
  "disableAutoencoder" : 0
}
